parent_company,subsidiary_name,source,reason
Alphabet,Google LLC,SEC Exhibit 21.1,SEC Exhibit 21.1 subsidiary — Delaware
Alphabet,XXVI Holdings Inc.,SEC Exhibit 21.1,SEC Exhibit 21.1 subsidiary — Delaware
Alphabet,Alphabet Capital US LLC,SEC Exhibit 21.1,SEC Exhibit 21.1 subsidiary — Delaware
Alphabet,Google Ireland Holdings,SEC Exhibit 21.1,SEC Exhibit 21.1 subsidiary — Ireland
Alphabet,KHA Technologies Inc.,SEC Exhibit 21.1,SEC Exhibit 21.1 subsidiary — Delaware
Alphabet,Google Inc.,SEC Exhibit 21.1,SEC Exhibit 21.1 subsidiary — Delaware
Amazon,Legal Name,SEC Exhibit 21.1,SEC Exhibit 21.1 subsidiary — Jurisdiction
Amazon,Amazon.com Services LLC,SEC Exhibit 21.1,SEC Exhibit 21.1 subsidiary — Delaware
Amazon,Amazon.com Sales Inc.,SEC Exhibit 21.1,SEC Exhibit 21.1 subsidiary — Delaware
Amazon,Amazon Data Services Inc.,SEC Exhibit 21.1,SEC Exhibit 21.1 subsidiary — Delaware
Amazon,Amazon Web Services Inc.,SEC Exhibit 21.1,SEC Exhibit 21.1 subsidiary — Delaware
Amazon,Amazon Technologies Inc.,SEC Exhibit 21.1,SEC Exhibit 21.1 subsidiary — Nevada
Amazon,Amazon.com NV Investment Holdings LLC,SEC Exhibit 21.1,SEC Exhibit 21.1 subsidiary — Nevada
Amazon,Amazon US Services LLC,SEC Exhibit 21.1,SEC Exhibit 21.1 subsidiary — Delaware
Amazon,A100 ROW Inc.,SEC Exhibit 21.1,SEC Exhibit 21.1 subsidiary — Delaware
Amazon,Day One Insurance Inc.,SEC Exhibit 21.1,SEC Exhibit 21.1 subsidiary — Arizona
Amazon,Amazon Overseas Holdings Inc.,SEC Exhibit 21.1,SEC Exhibit 21.1 subsidiary — Delaware
Amazon,Amazon Services LLC,SEC Exhibit 21.1,SEC Exhibit 21.1 subsidiary — Nevada
Amazon,Amazon Digital Services LLC,SEC Exhibit 21.1,SEC Exhibit 21.1 subsidiary — Delaware
Amazon,Amazon.com Services Inc.,SEC Exhibit 21.1,SEC Exhibit 21.1 subsidiary — Delaware
Amazon,Amazon.com Int’l Sales Inc.,SEC Exhibit 21.1,SEC Exhibit 21.1 subsidiary — Delaware
Amazon,Amazon EU S.à r.l.,SEC Exhibit 21.1,SEC Exhibit 21.1 subsidiary — Luxembourg
Amazon,Amazon Fulfillment Services Inc.,SEC Exhibit 21.1,SEC Exhibit 21.1 subsidiary — Delaware
Amazon,Amazon Services International Inc.,SEC Exhibit 21.1,SEC Exhibit 21.1 subsidiary — Delaware
Amazon,Amazon Corporate LLC,SEC Exhibit 21.1,SEC Exhibit 21.1 subsidiary — Delaware
Amazon,Amazon.com LLC,SEC Exhibit 21.1,SEC Exhibit 21.1 subsidiary — Delaware
Amazon,Amazon Europe Holding Technologies SCS,SEC Exhibit 21.1,SEC Exhibit 21.1 subsidiary — Luxembourg
Amazon,Amazon Digital Services Inc.,SEC Exhibit 21.1,SEC Exhibit 21.1 subsidiary — Delaware
Amazon,Amazon EU S.à.r.l.,SEC Exhibit 21.1,SEC Exhibit 21.1 subsidiary — Luxembourg
Amazon,Seller’s Initials:,SEC Exhibit 21.1,SEC Exhibit 21.1 subsidiary — Purchaser’s Initials:
Amazon,As to Seller:,SEC Exhibit 21.1,SEC Exhibit 21.1 subsidiary — [VARIES] LLC c/o Vulcan Inc. 505 Fifth Avenue South Suite 900 Seattle WA 98104-3821 Attention: Facsimile: Email:
Amazon,With concurrent copies to:,SEC Exhibit 21.1,SEC Exhibit 21.1 subsidiary — Foster Pepper PLLC 1111 Third Avenue Suite 3400 Seattle Washington 98101 Attention: Facsimile: Email:
Amazon,As to Purchaser:,SEC Exhibit 21.1,SEC Exhibit 21.1 subsidiary — Acorn Development LLC c/o Amazon.com Inc. 410 Terry Avenue North Seattle Washington 98109-5210 Attention: Facsimile: Email:
Amazon,Attention: Facsimile: Email:,SEC Exhibit 21.1,SEC Exhibit 21.1 subsidiary — 
Amazon,And to Van Ness Feldman GordonDerr Millennium Tower 719 Second Avenue Suite 1150 Seattle Washington 98104 Attention: Facsimile: Email:,SEC Exhibit 21.1,SEC Exhibit 21.1 subsidiary — 
Amazon,As to Escrow Agent:,SEC Exhibit 21.1,SEC Exhibit 21.1 subsidiary — First American Title Insurance Company 818 Stewart Street Suite 800 Seattle Washington 98101 Attention: Facsimile: Email:
Amazon,SELLER: [VARIES]8 LLC a Washington limited liability company,SEC Exhibit 21.1,SEC Exhibit 21.1 subsidiary — 
Amazon,By:,SEC Exhibit 21.1,SEC Exhibit 21.1 subsidiary — 
Amazon,Title:,SEC Exhibit 21.1,SEC Exhibit 21.1 subsidiary — 
Amazon,Date:,SEC Exhibit 21.1,SEC Exhibit 21.1 subsidiary — 
Amazon,PURCHASER:,SEC Exhibit 21.1,SEC Exhibit 21.1 subsidiary — 
Amazon,ACORN DEVELOPMENT LLC,SEC Exhibit 21.1,SEC Exhibit 21.1 subsidiary — 
Amazon,a Delaware limited liability company,SEC Exhibit 21.1,SEC Exhibit 21.1 subsidiary — 
Amazon,Schedule 1.3,SEC Exhibit 21.1,SEC Exhibit 21.1 subsidiary — –
Amazon,Schedule 1.4,SEC Exhibit 21.1,SEC Exhibit 21.1 subsidiary — –
Amazon,Schedule 1.5,SEC Exhibit 21.1,SEC Exhibit 21.1 subsidiary — –
Amazon,Schedule 1.6,SEC Exhibit 21.1,SEC Exhibit 21.1 subsidiary — –
Amazon,Schedule 1.10,SEC Exhibit 21.1,SEC Exhibit 21.1 subsidiary — –
Amazon,Schedule 5.1.3,SEC Exhibit 21.1,SEC Exhibit 21.1 subsidiary — –
Amazon,Schedule 5.1.7,SEC Exhibit 21.1,SEC Exhibit 21.1 subsidiary — –
Amazon,Schedule 5.1.8,SEC Exhibit 21.1,SEC Exhibit 21.1 subsidiary — –
Amazon,Schedule 8.5.8(i),SEC Exhibit 21.1,SEC Exhibit 21.1 subsidiary — –
Amazon,Schedule 8.5.8(ii),SEC Exhibit 21.1,SEC Exhibit 21.1 subsidiary — –
Amazon,Grantor:,SEC Exhibit 21.1,SEC Exhibit 21.1 subsidiary — [VARIES] LLC a Washington limited liability company
Amazon,Grantee:,SEC Exhibit 21.1,SEC Exhibit 21.1 subsidiary — 
Amazon,Abbreviated Legal Description:,SEC Exhibit 21.1,SEC Exhibit 21.1 subsidiary — Complete legal description on Exhibit A
Amazon,Assessor’s Tax Parcel No.:,SEC Exhibit 21.1,SEC Exhibit 21.1 subsidiary — 
Amazon,(Signature of Notary),SEC Exhibit 21.1,SEC Exhibit 21.1 subsidiary — 
Amazon,(Legibly Print or Stamp Name of Notary),SEC Exhibit 21.1,SEC Exhibit 21.1 subsidiary — 
Amazon,Notary public in and for the state of Washington residing at,SEC Exhibit 21.1,SEC Exhibit 21.1 subsidiary — 
Amazon,My appointment expires,SEC Exhibit 21.1,SEC Exhibit 21.1 subsidiary — 
Amazon,SELLER:,SEC Exhibit 21.1,SEC Exhibit 21.1 subsidiary — [VARIES] LLC a Washington limited liability company
Amazon,ASSIGNOR:,SEC Exhibit 21.1,SEC Exhibit 21.1 subsidiary — [VARIES] LLC a Washington limited liability company
Amazon,ASSIGNEE:,SEC Exhibit 21.1,SEC Exhibit 21.1 subsidiary — 
Amazon,VIA OVERNIGHT COURIER AND HAND DELIVERED,SEC Exhibit 21.1,SEC Exhibit 21.1 subsidiary — 
Amazon,TO:,SEC Exhibit 21.1,SEC Exhibit 21.1 subsidiary — (“Tenant”)
Amazon,RE:,SEC Exhibit 21.1,SEC Exhibit 21.1 subsidiary — 
Amazon,Notification Regarding Change of Ownership,SEC Exhibit 21.1,SEC Exhibit 21.1 subsidiary — 
Amazon,ATTN:,SEC Exhibit 21.1,SEC Exhibit 21.1 subsidiary — 
Amazon,AT:,SEC Exhibit 21.1,SEC Exhibit 21.1 subsidiary — 
Amazon,City Investors LLC a Washington limited liability company,SEC Exhibit 21.1,SEC Exhibit 21.1 subsidiary — 
Amazon,Print Name:,SEC Exhibit 21.1,SEC Exhibit 21.1 subsidiary — 
Amazon,Acorn Development LLC a Delaware limited liability company,SEC Exhibit 21.1,SEC Exhibit 21.1 subsidiary — 
Amazon,DATED THIS DAY OF  20 .,SEC Exhibit 21.1,SEC Exhibit 21.1 subsidiary — 
Amazon,Amazon Global Resources Inc.,SEC Exhibit 21.1,SEC Exhibit 21.1 subsidiary — Delaware
Amazon,NV Services Inc.,SEC Exhibit 21.1,SEC Exhibit 21.1 subsidiary — Nevada
Amazon,Amazon Europe Holding Technologies SCS.,SEC Exhibit 21.1,SEC Exhibit 21.1 subsidiary — Luxembourg
Amazon,Amazon.com.kydc LLC,SEC Exhibit 21.1,SEC Exhibit 21.1 subsidiary — Delaware
Amazon,Amazon.com Int'l Sales Inc.,SEC Exhibit 21.1,SEC Exhibit 21.1 subsidiary — Delaware
Amazon,Amazon Inc.,SEC Exhibit 21.1,SEC Exhibit 21.1 subsidiary — Nevada
Apple,Apple Asia Limited,SEC Exhibit 21.1,SEC Exhibit 21.1 subsidiary — Hong Kong
Apple,Apple Asia LLC,SEC Exhibit 21.1,SEC Exhibit 21.1 subsidiary — Delaware U.S.
Apple,Apple Canada Inc.,SEC Exhibit 21.1,SEC Exhibit 21.1 subsidiary — Canada
Apple,Apple Computer Trading (Shanghai) Co. Ltd.,SEC Exhibit 21.1,SEC Exhibit 21.1 subsidiary — China
Apple,Apple Distribution International Limited,SEC Exhibit 21.1,SEC Exhibit 21.1 subsidiary — Ireland
Apple,Apple India Private Limited,SEC Exhibit 21.1,SEC Exhibit 21.1 subsidiary — India
Apple,Apple Insurance Company Inc.,SEC Exhibit 21.1,SEC Exhibit 21.1 subsidiary — Arizona U.S.
Apple,Apple Japan Inc.,SEC Exhibit 21.1,SEC Exhibit 21.1 subsidiary — Japan
Apple,Apple Korea Limited,SEC Exhibit 21.1,SEC Exhibit 21.1 subsidiary — South Korea
Apple,Apple Operations International Limited,SEC Exhibit 21.1,SEC Exhibit 21.1 subsidiary — Ireland
Apple,Apple Operations Limited,SEC Exhibit 21.1,SEC Exhibit 21.1 subsidiary — Ireland
Apple,Apple Operations Mexico S.A. de C.V.,SEC Exhibit 21.1,SEC Exhibit 21.1 subsidiary — Mexico
Apple,Apple Pty Limited,SEC Exhibit 21.1,SEC Exhibit 21.1 subsidiary — Australia
Apple,Apple Services Pte. Ltd.,SEC Exhibit 21.1,SEC Exhibit 21.1 subsidiary — Singapore
Apple,Apple South Asia (Thailand) Limited,SEC Exhibit 21.1,SEC Exhibit 21.1 subsidiary — Thailand
Apple,Apple South Asia Pte. Ltd.,SEC Exhibit 21.1,SEC Exhibit 21.1 subsidiary — Singapore
Apple,Apple Vietnam Limited Liability Company,SEC Exhibit 21.1,SEC Exhibit 21.1 subsidiary — Vietnam
Apple,Braeburn Capital Inc.,SEC Exhibit 21.1,SEC Exhibit 21.1 subsidiary — Nevada U.S.
Apple,iTunes K.K.,SEC Exhibit 21.1,SEC Exhibit 21.1 subsidiary — Japan
Apple,Apple Sales International Limited,SEC Exhibit 21.1,SEC Exhibit 21.1 subsidiary — Ireland
Apple,Apple Operations Europe Limited,SEC Exhibit 21.1,SEC Exhibit 21.1 subsidiary — Ireland
Apple,Limited Liability Company Apple Rus,SEC Exhibit 21.1,SEC Exhibit 21.1 subsidiary — Russia
Apple,Apple Europe Limited,SEC Exhibit 21.1,SEC Exhibit 21.1 subsidiary — United Kingdom
Apple,Apple France,SEC Exhibit 21.1,SEC Exhibit 21.1 subsidiary — France
Apple,Apple GmbH,SEC Exhibit 21.1,SEC Exhibit 21.1 subsidiary — Germany
Apple,Apple Value Services LLC,SEC Exhibit 21.1,SEC Exhibit 21.1 subsidiary — Virginia U.S.
Apple,Apple Distribution International,SEC Exhibit 21.1,SEC Exhibit 21.1 subsidiary — Ireland
Apple,Apple Operations,SEC Exhibit 21.1,SEC Exhibit 21.1 subsidiary — Ireland
Apple,Apple Operations Europe,SEC Exhibit 21.1,SEC Exhibit 21.1 subsidiary — Ireland
Apple,Apple Sales International,SEC Exhibit 21.1,SEC Exhibit 21.1 subsidiary — Ireland
Apple,Apple Operations International,SEC Exhibit 21.1,SEC Exhibit 21.1 subsidiary — Ireland
Meta,EX-21.1,SEC Exhibit 21.1,SEC Exhibit 21.1 subsidiary — 
Meta,Document,SEC Exhibit 21.1,SEC Exhibit 21.1 subsidiary — 
Meta,META PLATFORMS INC.,SEC Exhibit 21.1,SEC Exhibit 21.1 subsidiary — 
Meta,Facebook Holdings LLC (Delaware),SEC Exhibit 21.1,SEC Exhibit 21.1 subsidiary — 
Meta,Facebook Procurement LLC (Delaware),SEC Exhibit 21.1,SEC Exhibit 21.1 subsidiary — 
Meta,FCL Tech Limited (Ireland),SEC Exhibit 21.1,SEC Exhibit 21.1 subsidiary — 
Meta,Instagram LLC (Delaware),SEC Exhibit 21.1,SEC Exhibit 21.1 subsidiary — 
Meta,Meta Payments Inc. (Florida),SEC Exhibit 21.1,SEC Exhibit 21.1 subsidiary — 
Meta,Meta Platforms Ireland Limited (Ireland),SEC Exhibit 21.1,SEC Exhibit 21.1 subsidiary — 
Meta,Siculus LLC (Delaware),SEC Exhibit 21.1,SEC Exhibit 21.1 subsidiary — 
Meta,Sidecat LLC (Delaware),SEC Exhibit 21.1,SEC Exhibit 21.1 subsidiary — 
Meta,WhatsApp LLC (Delaware),SEC Exhibit 21.1,SEC Exhibit 21.1 subsidiary — 
Meta,Cassin Networks ApS (Denmark),SEC Exhibit 21.1,SEC Exhibit 21.1 subsidiary — 
Meta,Edge Network Services Limited (Ireland),SEC Exhibit 21.1,SEC Exhibit 21.1 subsidiary — 
Meta,Facebook Circularity LLC (Delaware),SEC Exhibit 21.1,SEC Exhibit 21.1 subsidiary — 
Meta,Facebook India Online Services Private Limited (India),SEC Exhibit 21.1,SEC Exhibit 21.1 subsidiary — 
Meta,Facebook Operations LLC (Delaware),SEC Exhibit 21.1,SEC Exhibit 21.1 subsidiary — 
Meta,Facebook Serviços Online Do Brasil Ltda. (Brazil),SEC Exhibit 21.1,SEC Exhibit 21.1 subsidiary — 
Meta,Facebook UK Limited (United Kingdom),SEC Exhibit 21.1,SEC Exhibit 21.1 subsidiary — 
Meta,Goldframe LLC (Delaware),SEC Exhibit 21.1,SEC Exhibit 21.1 subsidiary — 
Meta,Greater Kudu LLC (Delaware),SEC Exhibit 21.1,SEC Exhibit 21.1 subsidiary — 
Meta,Hibiscus Properties LLC (Delaware),SEC Exhibit 21.1,SEC Exhibit 21.1 subsidiary — 
Meta,Malkoha Pte. Ltd. (Singapore),SEC Exhibit 21.1,SEC Exhibit 21.1 subsidiary — 
Meta,Meta Platforms Technologies LLC (Delaware),SEC Exhibit 21.1,SEC Exhibit 21.1 subsidiary — 
Meta,Middle Mile Infrastructure LLC (Delaware),SEC Exhibit 21.1,SEC Exhibit 21.1 subsidiary — 
Meta,Morning Hornet LLC (Delaware),SEC Exhibit 21.1,SEC Exhibit 21.1 subsidiary — 
Meta,Offprints LLC (Delaware),SEC Exhibit 21.1,SEC Exhibit 21.1 subsidiary — 
Meta,Omanyte LLC (Delaware),SEC Exhibit 21.1,SEC Exhibit 21.1 subsidiary — 
Meta,Paile LLC (Delaware),SEC Exhibit 21.1,SEC Exhibit 21.1 subsidiary — 
Meta,Pinnacle Sweden AB (Sweden),SEC Exhibit 21.1,SEC Exhibit 21.1 subsidiary — 
Meta,Raven Northbrook LLC (Delaware),SEC Exhibit 21.1,SEC Exhibit 21.1 subsidiary — 
Meta,Redale LLC (Delaware),SEC Exhibit 21.1,SEC Exhibit 21.1 subsidiary — 
Meta,Runways Information Services Limited (Ireland),SEC Exhibit 21.1,SEC Exhibit 21.1 subsidiary — 
Meta,Scout Development LLC (Delaware),SEC Exhibit 21.1,SEC Exhibit 21.1 subsidiary — 
Meta,Siculus Inc. (Delaware),SEC Exhibit 21.1,SEC Exhibit 21.1 subsidiary — 
Meta,Stadion LLC (Delaware),SEC Exhibit 21.1,SEC Exhibit 21.1 subsidiary — 
Meta,Starbelt LLC (Delaware),SEC Exhibit 21.1,SEC Exhibit 21.1 subsidiary — 
Meta,Velvet Tech Services LLC (Delaware),SEC Exhibit 21.1,SEC Exhibit 21.1 subsidiary — 
Meta,Vitesse LLC (Delaware),SEC Exhibit 21.1,SEC Exhibit 21.1 subsidiary — 
Meta,Winner LLC (Delaware),SEC Exhibit 21.1,SEC Exhibit 21.1 subsidiary — 
Meta,Woolhawk LLC (Delaware),SEC Exhibit 21.1,SEC Exhibit 21.1 subsidiary — 
Meta,Meta Platforms Ireland Ltd. (Ireland),SEC Exhibit 21.1,SEC Exhibit 21.1 subsidiary — 
Meta,Novi Financial Inc. (Delaware),SEC Exhibit 21.1,SEC Exhibit 21.1 subsidiary — 
Meta,Facebook Payments Inc. (Florida),SEC Exhibit 21.1,SEC Exhibit 21.1 subsidiary — 
Meta,Facebook Technologies LLC (Delaware),SEC Exhibit 21.1,SEC Exhibit 21.1 subsidiary — 
Meta,FACEBOOK INC.,SEC Exhibit 21.1,SEC Exhibit 21.1 subsidiary — 
Meta,Andale LLC (Delaware),SEC Exhibit 21.1,SEC Exhibit 21.1 subsidiary — 
Meta,Facebook Ireland Holdings Unlimited (Ireland),SEC Exhibit 21.1,SEC Exhibit 21.1 subsidiary — 
Meta,Facebook Ireland Limited (Ireland),SEC Exhibit 21.1,SEC Exhibit 21.1 subsidiary — 
Meta,Facebook Payments Inc. (Delaware),SEC Exhibit 21.1,SEC Exhibit 21.1 subsidiary — 
Meta,KUSU PTE. LTD. (Singapore),SEC Exhibit 21.1,SEC Exhibit 21.1 subsidiary — 
Meta,MALKOHA PTE LTD. (Singapore),SEC Exhibit 21.1,SEC Exhibit 21.1 subsidiary — 
Meta,WhatsApp Inc. (Delaware),SEC Exhibit 21.1,SEC Exhibit 21.1 subsidiary — 
Meta,Andale Inc. (Delaware),SEC Exhibit 21.1,SEC Exhibit 21.1 subsidiary — 
Meta,Facebook Global Holdings I Inc. (Delaware),SEC Exhibit 21.1,SEC Exhibit 21.1 subsidiary — 
Meta,Facebook Global Holdings I LLC (Delaware),SEC Exhibit 21.1,SEC Exhibit 21.1 subsidiary — 
Meta,Facebook Global Holdings II LLC (Delaware),SEC Exhibit 21.1,SEC Exhibit 21.1 subsidiary — 
Meta,Facebook International Operations Limited (Ireland),SEC Exhibit 21.1,SEC Exhibit 21.1 subsidiary — 
Meta,Facebook Sweden Holdings AB (Sweden),SEC Exhibit 21.1,SEC Exhibit 21.1 subsidiary — 
Meta,Parse LLC (Delaware),SEC Exhibit 21.1,SEC Exhibit 21.1 subsidiary — 
Meta,Global Holdings I Inc. (Delaware),SEC Exhibit 21.1,SEC Exhibit 21.1 subsidiary — 
Meta,Global Holdings I LLC (Delaware),SEC Exhibit 21.1,SEC Exhibit 21.1 subsidiary — 
Meta,Global Holdings II LLC (Delaware),SEC Exhibit 21.1,SEC Exhibit 21.1 subsidiary — 
Meta,KUSU PTE. Ltd. (Singapore),SEC Exhibit 21.1,SEC Exhibit 21.1 subsidiary — 
Meta,Malkoha PTE Ltd. (Singapore),SEC Exhibit 21.1,SEC Exhibit 21.1 subsidiary — 
Meta,Runways Information Services Ltd (Ireland),SEC Exhibit 21.1,SEC Exhibit 21.1 subsidiary — 
Meta,Sidecat LLC (Delaware,SEC Exhibit 21.1,SEC Exhibit 21.1 subsidiary — 
Meta,Oculus VR LLC (Delaware),SEC Exhibit 21.1,SEC Exhibit 21.1 subsidiary — 
Meta,Facebook Ireland Holdings Limited (Ireland),SEC Exhibit 21.1,SEC Exhibit 21.1 subsidiary — 
Meta,FB - 12.31.2014 - 10K Exhibit 21.1,SEC Exhibit 21.1,SEC Exhibit 21.1 subsidiary — 
Meta,FB - 12.31.2013 - 10K Exhibit 21.1,SEC Exhibit 21.1,SEC Exhibit 21.1 subsidiary — 
Meta,FB - 12.31.2012 - 10K Exhibit 21.1,SEC Exhibit 21.1,SEC Exhibit 21.1 subsidiary — 
Meta,Andale Acquisition Corporation (Delaware),SEC Exhibit 21.1,SEC Exhibit 21.1 subsidiary — 
Microsoft,Microsoft Ireland Research Unlimited Company,SEC Exhibit 21.1,SEC Exhibit 21.1 subsidiary — Ireland
Microsoft,Microsoft Global Finance Unlimited Company,SEC Exhibit 21.1,SEC Exhibit 21.1 subsidiary — Ireland
Microsoft,Microsoft Ireland Operations Limited,SEC Exhibit 21.1,SEC Exhibit 21.1 subsidiary — Ireland
Microsoft,Microsoft Online Inc.,SEC Exhibit 21.1,SEC Exhibit 21.1 subsidiary — United States
Microsoft,LinkedIn Corporation,SEC Exhibit 21.1,SEC Exhibit 21.1 subsidiary — United States
Microsoft,LinkedIn Ireland Unlimited Company,SEC Exhibit 21.1,SEC Exhibit 21.1 subsidiary — Ireland
Microsoft,Activision Blizzard Inc.,SEC Exhibit 21.1,SEC Exhibit 21.1 subsidiary — United States
Microsoft,Activision Publishing Inc.,SEC Exhibit 21.1,SEC Exhibit 21.1 subsidiary — United States
Microsoft,Microsoft Ireland Research,SEC Exhibit 21.1,SEC Exhibit 21.1 subsidiary — Ireland
Microsoft,Microsoft Global Finance,SEC Exhibit 21.1,SEC Exhibit 21.1 subsidiary — Ireland
Microsoft,Nuance Communications Inc.,SEC Exhibit 21.1,SEC Exhibit 21.1 subsidiary — United States
Microsoft,Microsoft Regional Sales Pte Ltd,SEC Exhibit 21.1,SEC Exhibit 21.1 subsidiary — Singapore
Microsoft,Microsoft Operations Pte Ltd,SEC Exhibit 21.1,SEC Exhibit 21.1 subsidiary — Singapore
Microsoft,Microsoft Regional Sales Corporation,SEC Exhibit 21.1,SEC Exhibit 21.1 subsidiary — United States
Microsoft,Microsoft Capital Group LLC,SEC Exhibit 21.1,SEC Exhibit 21.1 subsidiary — United States
Microsoft,Microsoft Operations Puerto Rico LLC,SEC Exhibit 21.1,SEC Exhibit 21.1 subsidiary — Puerto Rico
Microsoft,Skype Communications S.á r.l.,SEC Exhibit 21.1,SEC Exhibit 21.1 subsidiary — Luxembourg
Microsoft,Mojang Synergies AB,SEC Exhibit 21.1,SEC Exhibit 21.1 subsidiary — Sweden
Microsoft,Microsoft Licensing GP,SEC Exhibit 21.1,SEC Exhibit 21.1 subsidiary — United States
Microsoft,MOL Corporation,SEC Exhibit 21.1,SEC Exhibit 21.1 subsidiary — United States
Microsoft,Microsoft Mobile Oy,SEC Exhibit 21.1,SEC Exhibit 21.1 subsidiary — Finland
