parent_company,subsidiary_name,jurisdiction,source
Alphabet,Google LLC,Delaware,SEC Exhibit 21.1
Alphabet,XXVI Holdings Inc.,Delaware,SEC Exhibit 21.1
Alphabet,Alphabet Capital US LLC,Delaware,SEC Exhibit 21.1
Alphabet,Google Ireland Holdings,Ireland,SEC Exhibit 21.1
Alphabet,KHA Technologies Inc.,Delaware,SEC Exhibit 21.1
Alphabet,Google Inc.,Delaware,SEC Exhibit 21.1
Amazon,Legal Name,Jurisdiction,SEC Exhibit 21.1
Amazon,Amazon.com Services LLC,Delaware,SEC Exhibit 21.1
Amazon,Amazon.com Sales Inc.,Delaware,SEC Exhibit 21.1
Amazon,Amazon Data Services Inc.,Delaware,SEC Exhibit 21.1
Amazon,Amazon Web Services Inc.,Delaware,SEC Exhibit 21.1
Amazon,Amazon Technologies Inc.,Nevada,SEC Exhibit 21.1
Amazon,Amazon.com NV Investment Holdings LLC,Nevada,SEC Exhibit 21.1
Amazon,Amazon US Services LLC,Delaware,SEC Exhibit 21.1
Amazon,A100 ROW Inc.,Delaware,SEC Exhibit 21.1
Amazon,Day One Insurance Inc.,Arizona,SEC Exhibit 21.1
Amazon,Amazon Overseas Holdings Inc.,Delaware,SEC Exhibit 21.1
Amazon,Amazon Services LLC,Nevada,SEC Exhibit 21.1
Amazon,Amazon Digital Services LLC,Delaware,SEC Exhibit 21.1
Amazon,Amazon.com Services Inc.,Delaware,SEC Exhibit 21.1
Amazon,Amazon.com Int’l Sales Inc.,Delaware,SEC Exhibit 21.1
Amazon,Amazon EU S.à r.l.,Luxembourg,SEC Exhibit 21.1
Amazon,Amazon Fulfillment Services Inc.,Delaware,SEC Exhibit 21.1
Amazon,Amazon Services International Inc.,Delaware,SEC Exhibit 21.1
Amazon,Amazon Corporate LLC,Delaware,SEC Exhibit 21.1
Amazon,Amazon.com LLC,Delaware,SEC Exhibit 21.1
Amazon,Amazon Europe Holding Technologies SCS,Luxembourg,SEC Exhibit 21.1
Amazon,Amazon Digital Services Inc.,Delaware,SEC Exhibit 21.1
Amazon,Amazon EU S.à.r.l.,Luxembourg,SEC Exhibit 21.1
Amazon,Seller’s Initials:,Purchaser’s Initials:,SEC Exhibit 21.1
Amazon,As to Seller:,[VARIES] LLC c/o Vulcan Inc. 505 Fifth Avenue South Suite 900 Seattle WA 98104-3821 Attention: Facsimile: Email:,SEC Exhibit 21.1
Amazon,With concurrent copies to:,Foster Pepper PLLC 1111 Third Avenue Suite 3400 Seattle Washington 98101 Attention: Facsimile: Email:,SEC Exhibit 21.1
Amazon,As to Purchaser:,Acorn Development LLC c/o Amazon.com Inc. 410 Terry Avenue North Seattle Washington 98109-5210 Attention: Facsimile: Email:,SEC Exhibit 21.1
Amazon,Attention: Facsimile: Email:,,SEC Exhibit 21.1
Amazon,And to Van Ness Feldman GordonDerr Millennium Tower 719 Second Avenue Suite 1150 Seattle Washington 98104 Attention: Facsimile: Email:,,SEC Exhibit 21.1
Amazon,As to Escrow Agent:,First American Title Insurance Company 818 Stewart Street Suite 800 Seattle Washington 98101 Attention: Facsimile: Email:,SEC Exhibit 21.1
Amazon,SELLER: [VARIES]8 LLC a Washington limited liability company,,SEC Exhibit 21.1
Amazon,By:,,SEC Exhibit 21.1
Amazon,Title:,,SEC Exhibit 21.1
Amazon,Date:,,SEC Exhibit 21.1
Amazon,PURCHASER:,,SEC Exhibit 21.1
Amazon,ACORN DEVELOPMENT LLC,,SEC Exhibit 21.1
Amazon,a Delaware limited liability company,,SEC Exhibit 21.1
Amazon,Schedule 1.3,–,SEC Exhibit 21.1
Amazon,Schedule 1.4,–,SEC Exhibit 21.1
Amazon,Schedule 1.5,–,SEC Exhibit 21.1
Amazon,Schedule 1.6,–,SEC Exhibit 21.1
Amazon,Schedule 1.10,–,SEC Exhibit 21.1
Amazon,Schedule 5.1.3,–,SEC Exhibit 21.1
Amazon,Schedule 5.1.7,–,SEC Exhibit 21.1
Amazon,Schedule 5.1.8,–,SEC Exhibit 21.1
Amazon,Schedule 8.5.8(i),–,SEC Exhibit 21.1
Amazon,Schedule 8.5.8(ii),–,SEC Exhibit 21.1
Amazon,Grantor:,[VARIES] LLC a Washington limited liability company,SEC Exhibit 21.1
Amazon,Grantee:,,SEC Exhibit 21.1
Amazon,Abbreviated Legal Description:,Complete legal description on Exhibit A,SEC Exhibit 21.1
Amazon,Assessor’s Tax Parcel No.:,,SEC Exhibit 21.1
Amazon,(Signature of Notary),,SEC Exhibit 21.1
Amazon,(Legibly Print or Stamp Name of Notary),,SEC Exhibit 21.1
Amazon,Notary public in and for the state of Washington residing at,,SEC Exhibit 21.1
Amazon,My appointment expires,,SEC Exhibit 21.1
Amazon,SELLER:,[VARIES] LLC a Washington limited liability company,SEC Exhibit 21.1
Amazon,ASSIGNOR:,[VARIES] LLC a Washington limited liability company,SEC Exhibit 21.1
Amazon,ASSIGNEE:,,SEC Exhibit 21.1
Amazon,VIA OVERNIGHT COURIER AND HAND DELIVERED,,SEC Exhibit 21.1
Amazon,TO:,(“Tenant”),SEC Exhibit 21.1
Amazon,RE:,,SEC Exhibit 21.1
Amazon,Notification Regarding Change of Ownership,,SEC Exhibit 21.1
Amazon,ATTN:,,SEC Exhibit 21.1
Amazon,AT:,,SEC Exhibit 21.1
Amazon,City Investors LLC a Washington limited liability company,,SEC Exhibit 21.1
Amazon,Print Name:,,SEC Exhibit 21.1
Amazon,Acorn Development LLC a Delaware limited liability company,,SEC Exhibit 21.1
Amazon,DATED THIS DAY OF  20 .,,SEC Exhibit 21.1
Amazon,Amazon Global Resources Inc.,Delaware,SEC Exhibit 21.1
Amazon,NV Services Inc.,Nevada,SEC Exhibit 21.1
Amazon,Amazon Europe Holding Technologies SCS.,Luxembourg,SEC Exhibit 21.1
Amazon,Amazon.com.kydc LLC,Delaware,SEC Exhibit 21.1
Amazon,Amazon.com Int'l Sales Inc.,Delaware,SEC Exhibit 21.1
Amazon,Amazon Inc.,Nevada,SEC Exhibit 21.1
Apple,Apple Asia Limited,Hong Kong,SEC Exhibit 21.1
Apple,Apple Asia LLC,Delaware U.S.,SEC Exhibit 21.1
Apple,Apple Canada Inc.,Canada,SEC Exhibit 21.1
Apple,Apple Computer Trading (Shanghai) Co. Ltd.,China,SEC Exhibit 21.1
Apple,Apple Distribution International Limited,Ireland,SEC Exhibit 21.1
Apple,Apple India Private Limited,India,SEC Exhibit 21.1
Apple,Apple Insurance Company Inc.,Arizona U.S.,SEC Exhibit 21.1
Apple,Apple Japan Inc.,Japan,SEC Exhibit 21.1
Apple,Apple Korea Limited,South Korea,SEC Exhibit 21.1
Apple,Apple Operations International Limited,Ireland,SEC Exhibit 21.1
Apple,Apple Operations Limited,Ireland,SEC Exhibit 21.1
Apple,Apple Operations Mexico S.A. de C.V.,Mexico,SEC Exhibit 21.1
Apple,Apple Pty Limited,Australia,SEC Exhibit 21.1
Apple,Apple Services Pte. Ltd.,Singapore,SEC Exhibit 21.1
Apple,Apple South Asia (Thailand) Limited,Thailand,SEC Exhibit 21.1
Apple,Apple South Asia Pte. Ltd.,Singapore,SEC Exhibit 21.1
Apple,Apple Vietnam Limited Liability Company,Vietnam,SEC Exhibit 21.1
Apple,Braeburn Capital Inc.,Nevada U.S.,SEC Exhibit 21.1
Apple,iTunes K.K.,Japan,SEC Exhibit 21.1
Apple,Apple Sales International Limited,Ireland,SEC Exhibit 21.1
Apple,Apple Operations Europe Limited,Ireland,SEC Exhibit 21.1
Apple,Limited Liability Company Apple Rus,Russia,SEC Exhibit 21.1
Apple,Apple Europe Limited,United Kingdom,SEC Exhibit 21.1
Apple,Apple France,France,SEC Exhibit 21.1
Apple,Apple GmbH,Germany,SEC Exhibit 21.1
Apple,Apple Value Services LLC,Virginia U.S.,SEC Exhibit 21.1
Apple,Apple Distribution International,Ireland,SEC Exhibit 21.1
Apple,Apple Operations,Ireland,SEC Exhibit 21.1
Apple,Apple Operations Europe,Ireland,SEC Exhibit 21.1
Apple,Apple Sales International,Ireland,SEC Exhibit 21.1
Apple,Apple Operations International,Ireland,SEC Exhibit 21.1
Meta,EX-21.1,,SEC Exhibit 21.1
Meta,Document,,SEC Exhibit 21.1
Meta,META PLATFORMS INC.,,SEC Exhibit 21.1
Meta,Facebook Holdings LLC (Delaware),,SEC Exhibit 21.1
Meta,Facebook Procurement LLC (Delaware),,SEC Exhibit 21.1
Meta,FCL Tech Limited (Ireland),,SEC Exhibit 21.1
Meta,Instagram LLC (Delaware),,SEC Exhibit 21.1
Meta,Meta Payments Inc. (Florida),,SEC Exhibit 21.1
Meta,Meta Platforms Ireland Limited (Ireland),,SEC Exhibit 21.1
Meta,Siculus LLC (Delaware),,SEC Exhibit 21.1
Meta,Sidecat LLC (Delaware),,SEC Exhibit 21.1
Meta,WhatsApp LLC (Delaware),,SEC Exhibit 21.1
Meta,Cassin Networks ApS (Denmark),,SEC Exhibit 21.1
Meta,Edge Network Services Limited (Ireland),,SEC Exhibit 21.1
Meta,Facebook Circularity LLC (Delaware),,SEC Exhibit 21.1
Meta,Facebook India Online Services Private Limited (India),,SEC Exhibit 21.1
Meta,Facebook Operations LLC (Delaware),,SEC Exhibit 21.1
Meta,Facebook Serviços Online Do Brasil Ltda. (Brazil),,SEC Exhibit 21.1
Meta,Facebook UK Limited (United Kingdom),,SEC Exhibit 21.1
Meta,Goldframe LLC (Delaware),,SEC Exhibit 21.1
Meta,Greater Kudu LLC (Delaware),,SEC Exhibit 21.1
Meta,Hibiscus Properties LLC (Delaware),,SEC Exhibit 21.1
Meta,Malkoha Pte. Ltd. (Singapore),,SEC Exhibit 21.1
Meta,Meta Platforms Technologies LLC (Delaware),,SEC Exhibit 21.1
Meta,Middle Mile Infrastructure LLC (Delaware),,SEC Exhibit 21.1
Meta,Morning Hornet LLC (Delaware),,SEC Exhibit 21.1
Meta,Offprints LLC (Delaware),,SEC Exhibit 21.1
Meta,Omanyte LLC (Delaware),,SEC Exhibit 21.1
Meta,Paile LLC (Delaware),,SEC Exhibit 21.1
Meta,Pinnacle Sweden AB (Sweden),,SEC Exhibit 21.1
Meta,Raven Northbrook LLC (Delaware),,SEC Exhibit 21.1
Meta,Redale LLC (Delaware),,SEC Exhibit 21.1
Meta,Runways Information Services Limited (Ireland),,SEC Exhibit 21.1
Meta,Scout Development LLC (Delaware),,SEC Exhibit 21.1
Meta,Siculus Inc. (Delaware),,SEC Exhibit 21.1
Meta,Stadion LLC (Delaware),,SEC Exhibit 21.1
Meta,Starbelt LLC (Delaware),,SEC Exhibit 21.1
Meta,Velvet Tech Services LLC (Delaware),,SEC Exhibit 21.1
Meta,Vitesse LLC (Delaware),,SEC Exhibit 21.1
Meta,Winner LLC (Delaware),,SEC Exhibit 21.1
Meta,Woolhawk LLC (Delaware),,SEC Exhibit 21.1
Meta,Meta Platforms Ireland Ltd. (Ireland),,SEC Exhibit 21.1
Meta,Novi Financial Inc. (Delaware),,SEC Exhibit 21.1
Meta,Facebook Payments Inc. (Florida),,SEC Exhibit 21.1
Meta,Facebook Technologies LLC (Delaware),,SEC Exhibit 21.1
Meta,FACEBOOK INC.,,SEC Exhibit 21.1
Meta,Andale LLC (Delaware),,SEC Exhibit 21.1
Meta,Facebook Ireland Holdings Unlimited (Ireland),,SEC Exhibit 21.1
Meta,Facebook Ireland Limited (Ireland),,SEC Exhibit 21.1
Meta,Facebook Payments Inc. (Delaware),,SEC Exhibit 21.1
Meta,KUSU PTE. LTD. (Singapore),,SEC Exhibit 21.1
Meta,MALKOHA PTE LTD. (Singapore),,SEC Exhibit 21.1
Meta,WhatsApp Inc. (Delaware),,SEC Exhibit 21.1
Meta,Andale Inc. (Delaware),,SEC Exhibit 21.1
Meta,Facebook Global Holdings I Inc. (Delaware),,SEC Exhibit 21.1
Meta,Facebook Global Holdings I LLC (Delaware),,SEC Exhibit 21.1
Meta,Facebook Global Holdings II LLC (Delaware),,SEC Exhibit 21.1
Meta,Facebook International Operations Limited (Ireland),,SEC Exhibit 21.1
Meta,Facebook Sweden Holdings AB (Sweden),,SEC Exhibit 21.1
Meta,Parse LLC (Delaware),,SEC Exhibit 21.1
Meta,Global Holdings I Inc. (Delaware),,SEC Exhibit 21.1
Meta,Global Holdings I LLC (Delaware),,SEC Exhibit 21.1
Meta,Global Holdings II LLC (Delaware),,SEC Exhibit 21.1
Meta,KUSU PTE. Ltd. (Singapore),,SEC Exhibit 21.1
Meta,Malkoha PTE Ltd. (Singapore),,SEC Exhibit 21.1
Meta,Runways Information Services Ltd (Ireland),,SEC Exhibit 21.1
Meta,Sidecat LLC (Delaware,,SEC Exhibit 21.1
Meta,Oculus VR LLC (Delaware),,SEC Exhibit 21.1
Meta,Facebook Ireland Holdings Limited (Ireland),,SEC Exhibit 21.1
Meta,FB - 12.31.2014 - 10K Exhibit 21.1,,SEC Exhibit 21.1
Meta,FB - 12.31.2013 - 10K Exhibit 21.1,,SEC Exhibit 21.1
Meta,FB - 12.31.2012 - 10K Exhibit 21.1,,SEC Exhibit 21.1
Meta,Andale Acquisition Corporation (Delaware),,SEC Exhibit 21.1
Microsoft,Microsoft Ireland Research Unlimited Company,Ireland,SEC Exhibit 21.1
Microsoft,Microsoft Global Finance Unlimited Company,Ireland,SEC Exhibit 21.1
Microsoft,Microsoft Ireland Operations Limited,Ireland,SEC Exhibit 21.1
Microsoft,Microsoft Online Inc.,United States,SEC Exhibit 21.1
Microsoft,LinkedIn Corporation,United States,SEC Exhibit 21.1
Microsoft,LinkedIn Ireland Unlimited Company,Ireland,SEC Exhibit 21.1
Microsoft,Activision Blizzard Inc.,United States,SEC Exhibit 21.1
Microsoft,Activision Publishing Inc.,United States,SEC Exhibit 21.1
Microsoft,Microsoft Ireland Research,Ireland,SEC Exhibit 21.1
Microsoft,Microsoft Global Finance,Ireland,SEC Exhibit 21.1
Microsoft,Nuance Communications Inc.,United States,SEC Exhibit 21.1
Microsoft,Microsoft Regional Sales Pte Ltd,Singapore,SEC Exhibit 21.1
Microsoft,Microsoft Operations Pte Ltd,Singapore,SEC Exhibit 21.1
Microsoft,Microsoft Regional Sales Corporation,United States,SEC Exhibit 21.1
Microsoft,Microsoft Capital Group LLC,United States,SEC Exhibit 21.1
Microsoft,Microsoft Operations Puerto Rico LLC,Puerto Rico,SEC Exhibit 21.1
Microsoft,Skype Communications S.á r.l.,Luxembourg,SEC Exhibit 21.1
Microsoft,Mojang Synergies AB,Sweden,SEC Exhibit 21.1
Microsoft,Microsoft Licensing GP,United States,SEC Exhibit 21.1
Microsoft,MOL Corporation,United States,SEC Exhibit 21.1
Microsoft,Microsoft Mobile Oy,Finland,SEC Exhibit 21.1
