Topic,Count,Name,Representation,Representative_Docs
-1,1105,-1_base station_cellular_radio_channel,"['base station', 'cellular', 'radio', 'channel', 'sim', 'station', 'application', 'power saving', 'transmission', 'processing']","['Reliable, secure and scalable infrastructure for event registration and propagation in a distributed enterprise. A trigger engine and infrastructure for event registration and handling that is reliable, secure and scalable. Transactional authenticated and/or encrypted messages (e.g., via MSMQ) are used to transport events across each server. A stable recovery mechanism is provided the recovery path is nearly identical to the normal path. A trigger engine may concentrate multiple similar requests into a single base request for event notification, and upon receipt of the base event, access tables maintained in the trigger engine to track which client registered for which type of notification. In this manner, only the base event request is registered remotely, reducing the number of events that need to be communicated to remote servers. Identical event requests from clients may also be concentrated into a base event request, and events distributed to those clients when appropriate. Duplicate base event requests are blocked locally and thus only the first such one ever reaches the remote server. The trigger engines are capable of combining events in a complex manner, such as to notify a client only when a combination of time events, job events and/or other events have occurred, thus being suitable for use in a batch system', 'Discontinuous coverage in NR NTN and IoT NTN systems. The functions of user equipment (UE), radio access network (RAN) devices, and core network (CN) devices in circumstances where a UE is expected to experience discontinuous coverage are . A UE may send a CN a non-access stratum (NAS) message including a release request indicating that a UE is leaving coverage and assistance information. The CN may interrupt paging of the UE and resume the paging according to the assistance information. A UE may enter a low power usage mode upon leaving coverage, and may use one or more timers to determine when to check for coverage and send a mobility update message corresponding to the low power usage mode. A base station may receive, from a UE, a radio resource control (RRC) message a release request and assistance information, send an RRC release message to the UE in response, and forward the assistance information to the CN', 'METHODS TO ENHANCE SECONDARY COMPONENT CARRIER (SCC) AND DUAL CONNECTIVITY (DC) PERFORMANCE IN LTE AND NEW RADIO (NR) CELLULAR NETWORKS. Aspects are described for a user equipment (UE) a transceiver enable wireless communication with a base station, and a processor communicatively coupled to the transceiver. The processor is enter a radio resource control (RRC) idle mode. The processor is further measure at least one cell of a set of cells in a sleep period, the sleep period is indicated in a discontinuous reception (DRX) configuration message received from the base station. The processor is further receive a UE information request from the base station responsive to entering an RRC connected mode and transmit results of the measurement to the base station responsive to the UE information request to enable faster carrier addition by a network the UE connects to']"
0,3020,0_transmit_radio_monitoring_frequency,"['transmit', 'radio', 'monitoring', 'frequency', 'channel', 'transmission', 'power management', 'receiving', 'power consumption', 'sensor']","['Multi-level power converter with hysteretic control. A multi-level power converter with hysteretic control is disclosed. , a power converter includes a switching circuit and a control circuit. The switching circuit includes switches, a capacitor, and a switch node coupled to a regulated supply voltage node via an inductor. The switching circuit is couple the switch node to different circuit nodes according to different switch states. The control circuit is activate a particular set of switches according a current switch state, perform a comparison of an output current of the switching circuit to various threshold values, and determine a next switch state using results of the comparison and duty cycle information. Based on these results, the control circuit is cause a transition from the current switch state to the next switch state by activating a different set of switches according to the next switch state', 'WI-FI ADAPTIVE RECEIVER DIVERSITY AND WI-FI ADAPTIVE TRANSMIT ANTENNA SELECTION. Wireless communication devices (UEs) multiple receive (RX) chains and associated antennas, and at least one transmit (TX) chain co-located with one of the RX chains. The UE may track instant fading of the antenna gain(s) during reception of packets from an associated access point (AP) device to which the UE intends to transmit packets. The UE may also track long term antenna gain(s), using any packets received at the multiple RX chains within the UE. At a switching occasion, a decision is made by the UE whether to switch antennas. If the instant fading detection is based on packets received no later than a specified time period prior to the switching occasion, then the UE may make the switching decision based on the results of the instant fading tracking. Otherwise, the UE may make the switching decision based on the results of the long term antenna gain tracking. The wireless communication devices may also evaluate signal strength during transmission of the RX packets, and/or may evaluate a possible imbalance (gain difference) between the multiple RX chains within the wireless communication device. Signal strength detection enabled when non-MIMO transmissions are taking place, while imbalance detection (antenna gain comparison) enabled when a specified number of single-stream packets have been received. Once the decision has been made to operate in a reduced number RX path mode, decision to reactivate one or more additional RX paths made based on MIMO detection, a detection of a drop in signal quality, and/or upon expiration of a power save timer', 'WI-FI ADAPTIVE RECEIVER DIVERSITY AND WI-FI ADAPTIVE TRANSMIT ANTENNA SELECTION. Wireless communication devices (UEs) multiple receive (RX) chains and associated antennas, and at least one transmit (TX) chain co-located with one of the RX chains. The UE may track instant fading of the antenna gain(s) during reception of packets from an associated access point (AP) device to which the UE intends to transmit packets. The UE may also track long term antenna gain(s), using any packets received at the multiple RX chains within the UE. At a switching occasion, a decision is made by the UE whether to switch antennas. If the instant fading detection is based on packets received no later than a specified time period prior to the switching occasion, then the UE may make the switching decision based on the results of the instant fading tracking. Otherwise, the UE may make the switching decision based on the results of the long term antenna gain tracking. The wireless communication devices may also evaluate signal strength during transmission of the RX packets, and/or may evaluate a possible imbalance (gain difference) between the multiple RX chains within the wireless communication device. Signal strength detection enabled when non-MIMO transmissions are taking place, while imbalance detection (antenna gain comparison) enabled when a specified number of single-stream packets have been received. Once the decision has been made to operate in a reduced number RX path mode, decision to reactivate one or more additional RX paths made based on MIMO detection, a detection of a drop in signal quality, and/or upon expiration of a power save timer']"
1,46,1_sensors detecting_lidar_detecting_onboard sensors,"['sensors detecting', 'lidar', 'detecting', 'onboard sensors', 'sensors', 'sensors provided', 'weather conditions', 'vehicle vehicle', 'using vehicle', 'vehicle control']","['for detecting weather conditions using vehicle onboard sensors. Example for detecting weather conditions using vehicle onboard sensors are provided. An example method includes receiving laser data collected for an environment of a vehicle, and the laser data includes laser data points. The method also includes associating, by a computing device, laser data points of laser data points with one or more objects in the environment, and determining given laser data points of laser data points that are unassociated with the one or more objects in the environment as being representative of an untracked object. The method also includes based on one or more untracked objects being determined, identifying by the computing device an indication of a weather condition of the environment', 'for detecting weather conditions including fog using vehicle onboard sensors. for detecting weather conditions including fog using vehicle onboard sensors are provided. An example method includes receiving laser data collected from scans of an environment of a vehicle, and associating, by a computing device, laser data points of with one or more objects in the environment. The method also includes comparing laser data points that are unassociated with the one or more objects in the environment with stored laser data points representative of a pattern due to fog, and based on the comparison, identifying by the computing device an indication that a weather condition of the environment of the vehicle includes fog', 'for detecting weather conditions including sunlight using vehicle onboard sensors. for detecting weather conditions including sunlight using onboard vehicle sensors are described. In one example, a method is provided that includes receiving laser data collected for an environment of a vehicle. The method also includes associating laser data points with one or more objects in the environment, and determining given laser data points that are unassociated with the one or more objects in the environment as being representative of an untracked object at a given position with respect to the vehicle. The method also includes determining that the untracked object remains at a substantially same relative position with respect to the vehicle as the vehicle moves, and identifying by the computing device an indication that a weather condition of the environment of the vehicle is sunny']"
2,29,2_navigation application_map_maps_mapping,"['navigation application', 'map', 'maps', 'mapping', 'providing navigation', 'navigation', 'client map', 'application', 'application presents', 'application identifies']","['NAVIGATION APPLICATION. Some embodiments provide a navigation application that presents a novel navigation presentation on a device. The application identifies a location of the device, and identifies a style of road signs associated with the identified location of the device. The application then generates navigation instructions in form of road signs that match the identified style. To generate the road sign, the application identifies a road sign template image for the identified style, and generates the road sign by compositing the identified road sign template with text instruction and graphical instruction. , the road sign is generated as a composite textured image that has a texture and a look associated with the road signs at the identified location', 'Mapping application with novel search field. A device includes a display screen, at least one processing unit, and a storage storing a mapping program which when executed by the processing unit displays a map in a display area of the mapping program that includes a search area for receiving inputs and displaying search completions, the display area displayed on the display screen. The mapping program identifies a set of search completions that includes recent search completions used to search locations on the map. The mapping program, upon receiving a non-text input through the search area when the search area is empty, displays the set of search completions in the search area', 'Virtual camera for 3D maps. Some embodiments provide a that stores a mapping application which when executed on a device by at least one processing unit provides automated animation of a three-dimensional (3D) map along a navigation route. The mapping application identifies a first set of attributes for determining a first position of a virtual camera in the 3D map at a first instance in time. Based on the identified first set of attributes, the mapping application determines the position of the virtual camera in the 3D map at the first instance in time. The mapping application identifies a second set of attributes for determining a second position of the virtual camera in the 3D map at a second instance in time. Based on the identified second set of attributes, the mapping application determines the position of the virtual camera in the 3D map at the second instance in time. The mapping application renders an animated 3D map view of the 3D map from the first instance in time to the second instance in time based on the first and second positions of the virtual camera in the 3D map']"
3,28,3_solar panel_solar panels_solar power_solar energy,"['solar panel', 'solar panels', 'solar power', 'solar energy', 'solar', 'photovoltaic', 'photovoltaic power', 'panels', 'panel', 'stratospheric']","['Solar Energy Positioning System Using Cable Drives and Two Axis Pivot. A system for positioning a heliostat mirror or a solar collector includes a support structure, a pivot mechanism pivot the heliostat mirror or solar collector about a first generally horizontal axis and about a second axis generally perpendicular to the first axis, the pivot mechanism is attached to a rear side of the heliostat mirror or solar collector and attached to the support structure. The system also includes a first cable drive actuator having a first motor, driving a first cable spool, and a first cable attached at a proximal end to the first cable spool and attached at a distal end to the heliostat mirror or solar collector, and a second cable drive actuator having a second motor driving a second cable spool, and a second cable attached at a proximal end to the second cable spool and attached to the heliostat mirror or solar collector', 'for Solar Energy Management. An apparatus includes a support member having a proximal end securable to a substantially fixed surface and a distal end opposite the proximal end; a solar energy member mounted to the support member at a location between the proximal and distal ends of the support member, where the solar energy member includes a first portion and a second portion arranged such that the support member extends substantially vertically between the two portions and the two portions are rotatable about a first axis to adjust azimuth of the solar energy member and about a second axis to adjust elevation of the solar energy member; and cables, where each cable includes a first end secured to the distal end of the support member and a second end secured to a substantially fixed position, where the cables are resist a wind load acting on the apparatus', 'Aeration apparatus and Solar energy generating apparutus having the same. The relates to an aeration device and a photovoltaic power generation device including the same. of the , the aeration device is installed in a supporting beam placed in a horizontal direction in an upper part of a floating main body of a floating type photovoltaic power generation device. The aeration device : a base unit fixed and installed to the supporting beam; a supporting frame extended and installed in a lateral direction from one side of the base unit; and an aerating unit including a driving motor in which a driving shaft is downwardly installed, a hollow impeller shaft which is combined and installed in a lower end of the driving shaft, and has an air hole penetrated in an upper part , a supporting casing which is fixed and installed to an end unit of the supporting frame, and pivotally supports the upper part of the impeller shaft, and an impeller which is installed at the bottom end unit of the impeller shaft in order to be positioned in a lower part of the water surface. In addition, the impeller shaft and the impeller rotate by receiving rotation driving power of the driving motor. While the impeller rotates, air sucked from the upper part of the water surface through the air hole moves downwardly through the impeller shaft, and is supplied to under the water by rotation centrifugal force of the impeller. Therefore, the aeration device is installed in the photovoltaic power generation device through a simple assembly process in order to prevent water contamination and green algae by providing an aeration function for a reservoir or a lake where a floating type photovoltaic power generation device is installed']"
4,28,4_power aerial_aerial vehicle_aerial vehicles_wind turbine,"['power aerial', 'aerial vehicle', 'aerial vehicles', 'wind turbine', 'aerial', 'airborne power', 'airborne wind', 'secured aerial', 'coupled aerial', 'wind energy']","['Pivoting Perch for Flying Wind Turbine Parking. An airborne wind turbine system is provided including an aerial vehicle having a fuselage, an electrically conductive tether having a first end secured to the aerial vehicle and a second end secured to a rotatable drum positioned on a tower onto which the tether is wrapped when the aerial vehicle is reeled in, a perch extending from the tower, one or more perch booms attached to the perch panel and pivotably mounted to the tower, when the aerial vehicle is secured to the perch, the aerial vehicle is positionable in a lowered parked position, and the aerial vehicle is movable to a raised parked position caused by rotation of the one or more perch booms with respect to the tower', 'Airborne rigid kite with on-board power plant for ship propulsion. A vehicle-based airborne wind turbine system having an aerial wing, rotors each having rotatable blades positioned on the aerial wing, an electrically conductive tether secured to the aerial wing and secured to a ground station positioned on a vehicle, the aerial wing is receive electrical power from the vehicle that is delivered to the aerial wing through the electrically conductive tether; the aerial wing is operate in a flying mode to harness wind energy to provide a first pulling force through the tether to pull the vehicle; and the aerial wing is also operate in a powered flying mode the rotors powered so that the turbine blades serve as thrust-generating propellers to provide a second pulling force through the tether to pull the vehicle', 'Airborne rigid kite with on-board power plant for ship propulsion. A vehicle-based airborne wind turbine system having an aerial wing, rotors each having rotatable blades positioned on the aerial wing, an electrically conductive tether secured to the aerial wing and secured to a ground station positioned on a vehicle, the aerial wing is receive electrical power from the vehicle that is delivered to the aerial wing through the electrically conductive tether; the aerial wing is operate in a flying mode to harness wind energy to provide a first pulling force through the tether to pull the vehicle; and the aerial wing is also operate in a powered flying mode the rotors powered so that the turbine blades serve as thrust-generating propellers to provide a second pulling force through the tether to pull the vehicle']"
5,21,5_fuel cell_fuel cells_cell fuel_provide fuel,"['fuel cell', 'fuel cells', 'cell fuel', 'provide fuel', 'power controller', 'fuel delivery', 'source fuel', 'operation fuel', 'design energy', 'fuel']","['Fuel cell system coupled to a portable computing device. The disclosed embodiments relate to the design of a fuel cell system which is capable of both providing power to and receiving power from a rechargeable battery in a portable computing device. This eliminates the need for a bulky and heavy battery within the fuel cell system, which can significantly reduce the size, weight and cost of the fuel cell system. This fuel cell system includes a fuel cell stack which converts fuel into electrical power. It also includes a controller which controls operation of the fuel cell system. The fuel cell system additionally includes a power link that transfers electrical power between the fuel cell system and the portable computing device, and a communication link that provides communication between the portable computing device and the controller for the fuel cell system. The controller can regulate both the electrical power provided by the fuel cell system to the portable computing device and the electrical power provided by the rechargeable battery to the fuel cell system', 'Data center balance of plant integrated into fuel cell system design. An energy system data center computer equipment, a data center power system simultaneously provide power for operation of the data center equipment and power for cooling the data center equipment, fuel cells provide power to the data center power system, an on-site battery storage provide backup power and power conditioning to the fuel cells, an on-site hydrogen storage to provide fuel to the fuel cells, and an excess heat recovery connection transfer a liquid from the data center power system to provide cooling to the fuel cells', 'Dynamically controlled heat exchange for cascading startup of fuel cell grids. A “Cascading Startup Controller” provides various techniques for quickly and efficiently initializing grids of interconnected fuel cells. In general, the Cascading Startup Controller dynamically controls heat exchange between fuel cells in the grid to produce a cascading startup of the fuel cell grid via an expanding pattern of excess thermal energy routing from hotter fuel cell stacks to cooler fuel cell stacks. This expanding pattern of excess thermal energy routing is dynamically controlled via automated valves of a heat exchange grid coupled to the fuel cell grid to decrease a total startup time for fuel cell stacks in the grid. Additional excess heat beyond that used to heat fuel cells to operational temperatures is then made available for a variety of purposes, including, but not limited to, preheating gas or other fuel for use by the fuel cells, local or community-based heating systems, heat-based energy cogeneration systems, etc']"
6,21,6_sem fio_digital_para_fio,"['sem fio', 'digital', 'para', 'fio', 'und', 'uma', 'terminal', 'base', 'sem', 'einer']","['método para determinação de um indicador de qualidade de canal', 'método e aparelho para concluir a recepção em um sistema de comunicação sem fio', 'otimização da resseleção em dispositivos móveis de comunicação sem fio e métodos para a mesma']"
7,20,7_automated fabrication_manufacturing process_machining_fabrication,"['automated fabrication', 'manufacturing process', 'machining', 'fabrication', 'manufacturing', 'tools', 'printing', 'fabricating', 'printer', 'automated']","['Computer-readable media, method, and system for producing physical artifacts. A system manages the customization of content for three-dimensional physical artifacts. The three-dimensional physical artifacts represent digital content items such as electronic books. The systems receives as input requests for physical artifacts and customization instructions. The customization instructions may define an arrangement of content on a back side of the digital content item. The content barcode(s) relating to the electronic content item (e.g., a link to a location where the electronic content item obtained). The system uses the input to generate sets of machine-readable instructions that are used by a production apparatus to produce the content of the physical artifacts', 'Methods for generating 3D printed substrates for electronics assembled in a modular fashion. Systems, media, and methods for modeling electronic products for 3D printing including providing a library of modules and module interfaces; receiving at least one ruleset; receiving preliminary substrate structure data, the preliminary substrate structure data shape and volume data defining a substrate; providing an interface allowing the user to place one or more modules on the substrate; providing an interface allowing the user to place one or more module interfaces, the module interfaces coupling one or more modules together through the substrate; warning the user where placement of a module or module interface violates the at least one ruleset; generating routing of electrically conductive interconnects between placed module interfaces; and generating a finalized substrate structure model by combining the preliminary substrate structure data with module placement data and interconnect routing data', 'Interactive 3D shortage tracking user interface. The claimed provides a user interface that displays product order bars (icons) along with a set of dependencies between product orders in a single graphical view. iconic bars are used to represent a demand or product order for a segment of a production process. Each bar may indicate a total quantity of raw material ordered at the segment or quantity of raw material incorporated in work-in-progress products ordered at the segment. Each bar may also indicate raw material that will be available to the segment and allocated to the segment. At the same time, each bar may indicate an unavailable portion or deficient quantity of the raw material required at the segment. A time axis used to indicate the expected availability (or delivery) times of the bars (orders). Additional stock material that is readily available may also be displayed to indicate that stockpiled material used to remedy some of the deficiencies in product orders. Connecting lines drawn between bars to indicate a flow of the raw material from one segment of a production process to another. The bars updated dynamically when a production planner renders a reallocation of raw material']"
8,15,8_propeller blades_propellers_propellers aerial_generated propeller,"['propeller blades', 'propellers', 'propellers aerial', 'generated propeller', 'propeller design', 'propeller blade', 'motors propellers', 'position propeller', 'multiple propeller', 'different propeller']","['Propeller blade treatments for sound control. Sounds are generated by an aerial vehicle during operation. For example, the motors and propellers of an aerial vehicle generate sounds during operation. Disclosed are systems, methods, and apparatus for actively adjusting the position of one or more propeller blade treatments of a propeller blade of an aerial vehicle during operation of the aerial vehicle. For example, the propeller blade may have one or more propeller blade treatments that adjusted between two or more positions. Based on the position of the propeller blade treatments, the airflow over the propeller is altered, altering the sound generated by the propeller when rotating. By altering the propeller blade treatments on multiple propeller blades of the aerial vehicle, the different sounds generated by the different propeller blades may effectively cancel, reduce, and/or otherwise alter the total sound generated by the aerial vehicle', 'Propeller blade trailing edge fringes for improved sound control. Sounds are generated by an aerial vehicle during operation. For example, the motors and propellers of an aerial vehicle generate sounds during operation. Disclosed are systems, methods, and apparatus for actively adjusting the position of one or more propeller blade treatments of a propeller blade of an aerial vehicle during operation of the aerial vehicle. For example, the propeller blade may have one or more propeller blade treatments that adjusted between two or more positions. Based on the position of the propeller blade treatments, the airflow over the propeller is altered, altering the sound generated by the propeller when rotating. By altering the propeller blade treatments on multiple propeller blades of the aerial vehicle, the different sounds generated by the different propeller blades may effectively cancel, reduce, and/or otherwise alter the total sound generated by the aerial vehicle', 'Propeller blade indentations for improved aerodynamic performance and sound control. Sounds are generated by an aerial vehicle during operation. For example, the motors and propellers of an aerial vehicle generate sounds during operation. Disclosed are systems, methods, and apparatus for actively adjusting the position of one or more propeller blade treatments of a propeller blade of an aerial vehicle during operation of the aerial vehicle. For example, the propeller blade may have one or more propeller blade treatments that adjusted between two or more positions. Based on the position of the propeller blade treatments, the airflow over the propeller is altered, altering the sound generated by the propeller when rotating. By altering the propeller blade treatments on multiple propeller blades of the aerial vehicle, the different sounds generated by the different propeller blades may effectively cancel, reduce, and/or otherwise alter the total sound generated by the aerial vehicle']"
9,14,9_layer material_forming layer_melt material_alloy,"['layer material', 'forming layer', 'melt material', 'alloy', 'alloys', 'non metallic', 'forming', 'material include', 'metallic', 'glass']","['Boat and coil designs. Vessels used for melting material to be injection molded to form a part are described. One vessel has a body formed from elongate segments be electrically isolated from each other and with a melting portion for melting meltable material . Material provided between adjacent segments. An induction coil used to melt the material in the body. Other vessels have a body with an embedded induction coil . The embedded coil surround the melting portion, or positioned below and/or adjacent the melting portion, so that meltable material is melted. The vessels used to melt amorphous alloys, for example', 'LAYER-BY-LAYER CONSTRUCTION WITH BULK METALLIC GLASSES. are methods of constructing a part using BMG layer by layer. , a layer of BMG powder is deposited to selected positions and then fused to a layer below by suitable methods such as laser heating or electron beam heating. The deposition and fusing are then repeated as need to construct the part layer by layer. One or more layers of non-BMG used as needed. , layers of BMG cut from one or more sheets of BMG to desired shapes, stacked and fused to form the part', 'Methods for constructing parts with improved properties using metallic glass alloys. are methods of constructing a part having improved properties using metallic glass alloys, layer by layer. certain aspects, a layer of metallic glass-forming powder is deposited to selected positions and then fused to a surface layer (i.e. layer below) by suitable methods such as laser heating or electron beam heating. The deposition and fusing are then repeated as need to construct the part, layer by layer. , one or more sections or layers of non-metallic glass-forming material included as needed to form a composite final part. In certain aspects, the metallic glass-forming powder crystalized during depositing and fusing, or recrystallized during subsequent processing to provide selectively crystalized sections or layers, e.g., to impart desired functionality. In other aspects, non-metallic glass-forming materials deposited and fused at selected positions, e.g., to provide selective shear banding to impart improved ductile properties and plasticity. In yet other aspects, the metallic glass-forming powder or metallic glass material and non-metallic glass-forming material are deposited and fused to form a foam-like, bellow or similar structure, which is able to crumple under high stress to absorb energy under impact']"
10,13,10_vorrichtung_verfahren zum_und_einer,"['vorrichtung', 'verfahren zum', 'und', 'einer', 'tune', 'einem', 'verfahren', 'tune away', 'der', 'zum']","['Benutzerausrüstung mit verbesserter Weg-Einstellungs (Tune-Away)-Leistung während einer Messung', 'VERFAHREN UND VORRICHTUNG FÜR DIE STATUSSYNCHRONISATION EINER GRUPPE VON FUNKRUFEMPFÄNGERN', 'Verfahren zum Aufrechterhalten der Reaktionszeit in einem drahtlosen Netzwerk und gleichzeitige Stromsparung in einem drahtlosen Adapter']"
11,12,11_radar_second radar_gesture application_gestures,"['radar', 'second radar', 'gesture application', 'gestures', 'gesture', 'context equipment', 'sensor proximity', 'sensor', 'enabling equipment', 'equipment techniques']","['Robust radar-based gesture-recognition by user equipment. Systems and techniques are described for robust radar-based gesture-recognition. A radar system (104) detects radar-based gestures on behalf of application subscribers. A state machine (2000) transitions between multiple states based on inertial sensor data. A no-gating state (2002) enables the radar system (104) to output radar-based gestures to application subscribers. The state machine (2000) also includes a soft-gating state (2004) that prevents the radar system (104) from outputting the radar-based gestures to the application subscribers. A hard-gating state (2006) prevents the radar system (104) from detecting radar-based gestures altogether. The techniques and systems enable the radar system (104) to determine when not to perform gesture-recognition, enabling user equipment (102) to automatically reconfigure the radar system (104) to meet user demand. By so doing, the techniques conserve power, improve accuracy, or reduce latency relative to many common techniques and systems for radar-based gesture-recognition', 'Context-sensitive control of radar-based gesture-recognition. This document describes techniques and systems for radar-based gesture-recognition with context-sensitive gating and other context-sensitive controls. Sensor data from a proximity sensor and/or a movement sensor produces a context of a user equipment. The techniques and systems enable the user equipment to recognize contexts when a radar system unreliable and should not be used for gesture-recognition, enabling the user equipment to automatically disable or “gate” the output from the radar system according to context. The user equipment prevents the radar system from transitioning to a high-power state to perform gesture-recognition in contexts where radar data detected by the radar system is likely due to unintentional input. By so doing, the techniques conserve power, improve accuracy, or reduce latency relative to many common techniques and systems for radar-based gesture-recognition', 'Context-sensitive control of radar-based gesture-recognition. This document describes techniques and systems for radar-based gesture-recognition with context-sensitive gating and other context-sensitive controls. Sensor data from a proximity sensor (108) and/or a movement sensor (108) produces a context of a user equipment (102). The techniques and systems enable the user equipment (102) to recognize contexts when a radar system (104) unreliable and should not be used for gesture-recognition, enabling the user equipment (102) to automatically disable or “gate” the output from the radar system (104) according to context. The user equipment (102) prevents the radar system (104) from transitioning to a high-power state (1910) to perform gesture-recognition in contexts where radar data detected by the radar system (104) is likely due to unintentional input. By so doing, the techniques conserve power, improve accuracy, or reduce latency relative to many common techniques and systems for radar-based gesture-recognition']"
12,11,12_second robotic_robotic_robotic robotic_robotic control,"['second robotic', 'robotic', 'robotic robotic', 'robotic control', 'robots', 'robot', 'task processing', 'task distributing', 'robot receive', 'location task']","['Robotic workspace layout planning. This specification describes systems, methods, devices, and other techniques for planning workspaces for automated fabrication processes. A computing system facilitates planning by receiving a set of parameters for planning a layout of a workspace for an automated fabrication process, and generating candidate workspace layouts, including selecting, for each candidate workspace layout, (i) one or more robots for performing tasks in the automated fabrication process and (ii) corresponding locations for the one or more robots within the workspace. The system determines an optimal workspace layout based on candidate workspace layouts, generates a workspace layout specification for the optimal workspace layout, and provides the workspace layout specification to one or more second computing systems', 'Position-controlled robotic fleet with visual handshakes. Example may provide for a system that includes a control system communicatively coupled to a first robotic device and a second robotic device. The control system may identify a collaborative operation to be performed by a first robotic device and a second robotic device that is based on a relative positioning between the first robotic device and the second robotic device. The control system may also determine respective locations of the first robotic device and the second robotic device. The control system may further initiate a movement of the first robotic device along a path from the determined location of the first robotic device towards the determined location of the second robotic device. The first robotic device and the second robotic device may then establish a visual handshake that indicates the relative positioning between the first robotic device and the second robotic device for the collaborative operation', 'Program synthesis for robotic tasks. Robotic task program synthesis embodiments are presented that generally synthesize a robotic task program based on received examples of repositioning tasks. In one implementation, the exemplary repositioning tasks are human demonstrations of object manipulation in an actual or displayed robot workspace. A domain specific language (DSL) designed for object repositioning tasks is employed for the robotic control program. In general, candidate robotic task programs are generated from the example tasks. Each candidate program includes instructions for causing the robot to reposition objects, and represents a different permutation of instructions consistent with the received example tasks. The candidate programs are ranked, and whenever the top ranking program accomplishes the repositioning specified in each example task, it is designated as the synthesized robotic task program']"
13,10,13_tethered aerial_energy aerial_wind turbine_wind energy,"['tethered aerial', 'energy aerial', 'wind turbine', 'wind energy', 'wind turbines', 'vehicle tethered', 'awt aerial', 'energy airborne', 'turbine awt', 'conductive tether']","['Tether Winding. Wind energy systems, such as an Airborne Wind Turbine (“AWT”), used to facilitate conversion of kinetic energy to electrical energy. An AWT an aerial vehicle that flies in a path, such as a substantially circular path, to convert kinetic wind energy to electrical energy. In an example embodiment, the aerial vehicle connected to a ground station via a tether that both restrains the AWT and conveys the electrical energy to the base station. The tether wound about a drum when the AWT is not in flight, and the drum a helical groove of varying pitch to receive the tether. An asymmetrical levelwind positioned adjacent to the drum and move along the drum and guide the tether onto the drum', 'Tether Termination . An Airborne Wind Turbine (“AWT”) used to facilitate conversion of kinetic energy to electrical energy. An AWT an aerial vehicle that flies in a path to convert kinetic wind energy to electrical energy. The aerial vehicle tethered to a ground station with a tether that terminates at a tether termination mount. In one aspect, the tether has a core and at least one electrical conductor. The tether core terminated at a first location in a tether termination mount along an axis of the termination mount, and the at least one electrical conductor terminated at a second location in the tether termination mount along the same axis that the core is terminated. This termination configuration may focus tensile stress on the tether to the tether core, and minimize such stress on the at least one electrical conductor during aerial vehicle flight', 'Systems and apparatus for tether termination mount for tethered aerial vehicles. Wind energy systems, such as an Airborne Wind Turbine (“AWT”), used to facilitate conversion of kinetic energy to electrical energy. An AWT an aerial vehicle that flies in a path to convert kinetic wind energy to electrical energy. The aerial vehicle tethered to a ground station with a tether that terminates at a tether termination mount. In one aspect, the tether a conductive tether that can transmit electricity and/or electrical signals back and forth between the aerial vehicle and the ground station. The tether termination mount one or more gimbals that allow for the tether termination mount to rotate about one or more axis. In a further aspect, the tether termination mount a slip ring that allows for rotation of the tether without twisting the tether']"
14,10,14_classifier_prediction using_machine learned_prediction model,"['classifier', 'prediction using', 'machine learned', 'prediction model', 'learned prediction', 'models', 'model predict', 'diseases', 'prediction', 'model machine']","[""Diagnostic effectiveness tool. A system is disclosed for evaluating diagnostic effectiveness of one or more diagnostic tests or additional findings from a set of known findings as to a patient. The system includes a computing device containing a software application which is used by a healthcare provider to review the patient's medical history and enter findings as to the patient's condition or symptoms, a system storing a validated probabilistic health model including a database of medical knowledge informed from aggregated electronic medical records or other sources of medical knowledge; and a medical knowledge-based inference engine operating on the patient's medical history and findings and the validated probabilistic health model. The engine determines a set of the most probable diseases of the patient, suggests a set of one or more tests or additional findings that differentiate the set of most probable diseases, and generates indicia indicating diagnostic effectiveness or relevancy of the one or more tests or additional findings"", 'Machine-Learned Epidemiology. The provides that leverage machine-learned models in conjunction with online data to monitor and detect the spread of a disease, such as, for example, a communicable illness. In one example, a computing system can include or otherwise leverage a machine-learned disease detection model. The computing system can input search engine data and, optionally, location data respectively associated with a first plurality of users into the machine-learned disease detection model. The computing system can receive identification of a second plurality of users predicted to have the disease as an output of the machine-learned disease detection model. The second plurality of users a subset of the first plurality of users. The computing system can identify one or more locations associated with elevated levels of the disease based at least in part on the location data respectively associated with at least the second plurality of users', 'Privacy-first on-device federated health modeling and intervention. The provides that leverage machine-learned models in conjunction with user-associated data and disease prevalence mapping to predict disease infections with improved user privacy. In one example, a can include obtaining, by a user computing device associated with a user, a machine-learned prediction model predict a probability that the user infected with a disease based at least in part on user-associated data associated with the user. The method can further include receiving, by the user computing device, the user-associated data associated with the user. The method can further include providing, by the user computing device, the user-associated data as input to the machine-learned prediction model, the machine-learned prediction model being implemented on the user computing device. The method can further include receiving, by the user computing device, a current disease prediction for the user as an output of the machine-learned prediction model. The method can further include providing, by the user computing device, data indicative of the current disease prediction for the user to a central computing system for use in updating a prevalence map that models prevalence of the disease over geographic locations']"
15,9,15_uav charge_vehicles uavs_battery uav_vehicle uav,"['uav charge', 'vehicles uavs', 'battery uav', 'vehicle uav', 'uav transport', 'uavs determining', 'uav second', 'charge unmanned', 'second uav', 'uav']","['Replenishment station for aerial vehicle with robotic device and conveyor. Stations for deployment, recharging and/or maintenance of unmanned aerial vehicles (UAVs) are . Such deployment stations implemented in a container that includes a robotic arm and a conveyor system. The robotic arm can secure a UAV hovering outside the station, move the UAV inside the station, and transfer the UAV to the conveyor. The conveyor can couple to and move multiple UAVs. Further, charging systems integrated in such deployment stations to charge UAVs when coupled to and moving along the conveyer. Further, process pieces utilized to simplify mechanical and electrical interfacing between a UAV, the robotic arm, the conveyor, the charging system and/or other systems at the UAV station', 'for self-deployment of operational infrastructure by an unmanned aerial vehicle (UAV). Example implementations may relate to self-deployment of operational infrastructure by an unmanned aerial vehicle (UAV). Specifically, a control system may determine operational location(s) from which a group of UAVs is to provide aerial transport services in a geographic area. For at least a first of the operational location(s), the system may cause a first UAV from the group to perform an infrastructure deployment task that includes (i) a flight from a source location to the first operational location and (ii) installation of operational infrastructure at the first operational location by the first UAV. In turn, this may enable the first UAV to operate from the first operational location, as the first UAV can charge a battery of the first UAV using the operational infrastructure installed at the first operational location and/or can carry out item transport task(s) at location(s) that are in the vicinity of the first operational location', 'for using an unmanned aerial vehicle (UAV) dedicated to deployment of operational infrastructure. Example implementations may relate to using an unmanned aerial vehicle (UAV) dedicated to deployment of operational infrastructure, with such deployment enabling charging of a battery of a UAV from a group of UAVs. More specifically, the group of UAVs at least (i) a first UAV of a first type deploy operational infrastructure and (ii) a second UAV of a second type carry out a task other than deployment of operational infrastructure. With this arrangement, a control system may determine an operational location at which to deploy operational infrastructure, and may cause the first UAV to deploy operational infrastructure at the operational location. Then, the control system may cause the second UAV to charge a battery of the second UAV using the operational infrastructure deployed by the first UAV at the operational location']"
16,8,16_neural programs_trained neural_deep neural_learning models,"['neural programs', 'trained neural', 'deep neural', 'learning models', 'neural', 'learning techniques', 'learning', 'second neural', 'neural generating', 'machine learning']","['SELF-ADAPTING FORECASTING FOR MULTI-HORIZON FORECASTING MACHINE LEARNING MODELS. Aspects of the disclosure provide for self-adapting forecasting (SAP) during the training and execution of machine learning models trained for multi-horizon forecasting on time-series data. The distribution of time-series data can shift over different periods of time. A deep neural network and other types of machine learning models are trained assuming that training data is independent and identically distributed (i.i.d.). With a computer system execute SAP, the system can, at inference time, update a trained encoder to generate an encoded representation of time-series data capturing features characterizing the current distribution of the input time-series data. The updated encoded representation fed into a decoder trained to generate a multi-horizon forecast based on the updated encoded representation of the time-series data. At each instance of inference, the base weights of a trained model reused and updated to generate an updated encoded representation for that instance', 'for Navigating Aerial Vehicles Using Deep Reinforcement Learning. The technology relates to navigating aerial vehicles using deep reinforcement learning techniques to generate flight policies. A computing system a simulator produce simulations of a flight of the aerial vehicle in a region of an atmosphere, a replay buffer store frames of the simulations, and a learning module having a deep reinforcement learning architecture , by a reinforcement learning algorithm, process an input of a set of frames, and output a neural network encoding a learned flight policy. A meta-learning system stacks of learning systems, a coordinator provide an instruction to the learning systems that includes a parameter and a start time, and an evaluation server evaluate resulting rewards from learned flight policies generated by the learning systems', 'for Navigating Aerial Vehicles Using Deep Reinforcement Learning. The technology relates to navigating aerial vehicles using deep reinforcement learning techniques to generate flight policies. An operational system for controlling flight of an aerial vehicle a computing system process an input vector representing a state of the aerial vehicle and output an action, an operation-ready policies server store a trained neural network encoding a learned flight policy, and a controller control the aerial vehicle. The input vector processed using the trained neural network encoding the learned flight policy. A method for navigating an aerial vehicle selecting a trained neural network encoding a learned flight policy from an operation policies server, generating an input vector a set of characteristics representing a state of the aerial vehicle, selecting an action, by the trained neural network, based on the input vector, converting the action into a set of commands, by a flight computer, the set of commands cause the aerial vehicle to perform the action, and causing, by a controller, the aerial vehicle to perform the action using the set of commands']"
17,8,17_audio receiver_audio recording_audio input_integrated audio,"['audio receiver', 'audio recording', 'audio input', 'integrated audio', 'audio', 'speaker microphone', 'receives audio', 'recording audio', 'audio content', 'input audio']","['Echo suppression. Method, user device and computer program product for suppressing echo. An audio signal is output from a speaker. A microphone receives an audio signal, the received audio signal includes an echo resulting from said outputted audio signal. A Finite Impulse Response filter estimate ĥ(t) is dynamically adapted in the time domain based on the outputted audio signal and the received audio signal to model an echo path h(t) of the echo in the received audio signal. At least one power response is determined from the filter estimate ĥ(t) and used to estimate the echo power of the echo in the received audio signal. The estimated echo power is used to apply echo suppression to the received audio signal, suppressing the echo in the received audio signal', 'for combined non-linear and late echo suppression. A method, computer program product, and computer system for receiving, by a computing device, an input signal. A first power spectral density estimate generated for a linear reverberant component associated with the input signal. A second power spectral density estimate generated for a non-linear reverberant component associated with the input signal. A power spectral density estimate generated by combining the first power spectral density estimate for the linear reverberant component and the second power spectral density estimate for the non-linear reverberant component. One or more parameters for the linear reverberant component and the non-linear reverberant component updated. One or more undesired signal components in an output signal resulting from the input signal reduced via residual echo suppression based upon, at least in part, updating the one or more parameters', 'for selective removal of audio content from a mixed audio recording. Systems and techniques for removing a sound recording from an audio recording (e.g., an audio recording embedded in a media file) are presented. The system can include an identification component, a first subtraction component and a second subtraction component. The identification component identifies a sound recording in a mixed audio recording. The first subtraction component determines a local linear transformation of the sound recording and subtracts the local linear transformation of the sound recording from the mixed audio recording to generate a new mixed audio recording. The second subtraction component compares one or more segments of the sound recording with one or more corresponding segments of the new mixed audio recording and reduces a power level of the new mixed audio recording based at least in part on correlation of the one or more corresponding segments with the one or more segments']"
18,8,18_propellers aerial_rotor blades_blades aerial_generated aerial,"['propellers aerial', 'rotor blades', 'blades aerial', 'generated aerial', 'propellers', 'aerial vehicles', 'aerial vehicle', 'operation rotor', 'propeller blades', 'generate sounds']","['Aerial vehicle with different propeller blade configurations. Sounds are generated by an aerial vehicle during operation. For example, the motors and propellers of an aerial vehicle generate sounds during operation. Systems, methods, and apparatus may actively adjust the position and/or configuration of one or more propeller blades of a propulsion mechanism to generate different sounds and/or lifting forces from the propulsion mechanism', 'Rotor units having asymmetric rotor blades. An aerial vehicle is provided including rotor units connected to the aerial vehicle, and a control system operate the rotor units. The rotor unit includes rotor blades, each rotor blade includes a surface area, and an asymmetric parameter is defined, at least in part, by the relationship between the surface areas of the rotor blades. The value of the asymmetric parameter is selected such that the operation of the rotor unit: (i) moves the rotor blades such that each rotor blade produces a respective vortex and (ii) the respective vortices cause the rotor unit to produce a sound output having an energy distribution defined, at least in part, by a set of frequencies, the set of frequencies includes a fundamental frequency, one or more harmonic frequencies, and one or more non-harmonic frequencies having a respective strength greater than a threshold strength', 'Rotor Units Having Asymmetric Rotor Blades. An aerial vehicle is provided including rotor units connected to the aerial vehicle, and a control system operate the rotor units. The rotor unit includes rotor blades, each rotor blade includes a surface area, and an asymmetric parameter is defined, at least in part, by the relationship between the surface areas of the rotor blades. The value of the asymmetric parameter is selected such that the operation of the rotor unit: (i) moves the rotor blades such that each rotor blade produces a respective vortex and (ii) the respective vortices cause the rotor unit to produce a sound output having an energy distribution defined, at least in part, by a set of frequencies, the set of frequencies includes a fundamental frequency, one or more harmonic frequencies, and one or more non-harmonic frequencies having a respective strength greater than a threshold strength']"
19,8,19_nfc enabled_field nfc_low power_nfc,"['nfc enabled', 'field nfc', 'low power', 'nfc', 'power mode', 'power modes', 'low battery', 'authentication management', 'prevent battery', 'battery near']","['Low-power near-field communication authentication. This document describes techniques (400, 500, 600) and apparatuses (100, 700) for implementing low-power near-field communication (NFC) authentication. These techniques (400, 500, 600) and apparatuses (100, 700) enable a computing device (102) to detect, in a low-power state, an NFC-enabled device (104) with which to authenticate via NFC. , various components of a computing device (102) in a sleep state are activated to perform authentication and/or an indication is provided to a user indicating an initiation of the authentication', 'Low power mode for payment transactions. This application relates to systems, methods, and apparatus for using a computing device to perform payment transactions while the computing device is operating in a low power wallet mode during a low battery state of the computing device. During a low power wallet mode, various subsystems are prevented from receiving current from a battery of the computing device, while a near field communication (NFC) system of the computing device is provided with an operating current for detecting target systems. A target system and the NFC system can communicate during the low power wallet mode of the computing device, allowing a user of the computing device to conduct payment transactions when the computing device is in a low power wallet mode. Such payment transactions useful if the user is ever stranded without enough power to fully operate the computing device and needs to pay for transportation', 'Low power mode for payment transactions. This application relates to systems, methods, and apparatus for using a computing device to perform payment transactions while the computing device is operating in a low power wallet mode during a low battery state of the computing device. During a low power wallet mode, various subsystems are prevented from receiving current from a battery of the computing device, while a near field communication (NFC) system of the computing device is provided with an operating current for detecting target systems. A target system and the NFC system can communicate during the low power wallet mode of the computing device, allowing a user of the computing device to conduct payment transactions when the computing device is in a low power wallet mode. Such payment transactions useful if the user is ever stranded without enough power to fully operate the computing device and needs to pay for transportation']"
20,8,20_operating voltages_operating voltage_voltage control_voltage adjustment,"['operating voltages', 'operating voltage', 'voltage control', 'voltage adjustment', 'controlling voltage', 'voltage regulation', 'lower voltage', 'operating processing', 'voltage integrated', 'voltage level']","['Voltage based thermal control of processing device. Thermal reduction and voltage adjustment techniques for computing systems and processing devices are presented herein. In a first example, a method of operating a voltage control system for a processing device includes operating the processing device in a computing assembly at a selected performance level, the processing device supplied with at least one input voltage at a first voltage level. monitoring thermal information associated with the computing assembly, and when the thermal information indicates a temperature associated with the computing assembly exceeds a threshold temperature, adjusting the at least one input voltage level supplied to the processing device to a second voltage level lower than the first voltage level and continuing to operate the processing device at the selected performance level', 'Processor device voltage characterization. Power reduction and voltage adjustment techniques for computing systems and processing devices are presented herein. In one example, a method includes receiving a voltage characterization service over a communication interface of the computing apparatus as transferred by a deployment platform remote from the computing apparatus. executing the voltage characterization service for a processing device of the computing apparatus to determine at least one input voltage for the processing device lower than a manufacturer specified operating voltage, the voltage characterization service a functional test that exercises the processing device at iteratively adjusted voltages in context with associated system elements of the computing apparatus. During execution of the voltage characterization service, monitoring for operational failures of at least the processing device, and responsive to the operational failures, restarting the processing device using a recovery voltage higher than a current value of the iteratively adjusted voltages', 'Input voltage reduction for processing devices. Voltage adjustment techniques for computing systems and processing devices are presented herein. In one example, a method of determining operating voltages for a processing device includes executing a voltage adjustment process to determine at least one input voltage for the processing device lower than a manufacturer specified operating voltage. During the voltage adjustment process, applying incrementally adjusted input voltages to the processing device, operating the processing device according to a functional test that exercises the processing device in context with associated system elements of a computing assembly, and monitoring for operational failures of at least the processing device during application of each of the incrementally adjusted input voltages. Responsive to the operational failures, determining corresponding values of the incrementally adjusted input voltages and establishing an input voltage based at least in part on the corresponding values of the incrementally adjusted input voltages']"
21,8,21_controlling lighting_lighting_lighting source_controlled power,"['controlling lighting', 'lighting', 'lighting source', 'controlled power', 'power module', 'light source', 'interface control', 'bridge communicate', 'power source', 'electrical']","['Communication interface for front panel and power module. This disclosure describes, in part, voice-controlled light dimmers that act as voice-controlled endpoints at which users may provide voice commands. These light dimmers include a front panel module coupled to a power module using a hardware interface. The front panel module may receive input from a user indicating commands for controlling appliances, and send communications to the power module using the hardware interface to control the appliances. In some examples, the communications involve encrypted data sent using an inter-integrated circuit (I2C) protocol using the hardware interface to an electrically isolated power module. The power provided to the appliances controlled by the power module of the voice-controlled light dimmer', 'Wirelessly controllable communication module. A power management system for a lighting circuit a grid shifting controller that includes a processor and a connection to an external power source. The power management system may also include a communication interface associated with the grid shifting controller. The grid shifting controller provide control information to a processor of at least one grid shifting electrical fixture over the communication interface, the control information being direct the at least one grid shifting electrical fixture on the use of power from the external power source and an energy storage device associated with the at least one grid shifting electrical fixture', 'Motion sensitive communication device for controlling IR lighting. A power management system for lighting circuit a grid shifting controller that includes a processor and a connection to an external power source. The power management system may also include a communication interface associated with the grid shifting controller. The grid shifting controller provide control information to a processor of at least one grid shifting electrical fixture over the communication interface, the control information being direct the at least one grid shifting electrical fixture on the use of power from the external power source and an energy storage device associated with the at least one grid shifting electrical fixture']"
22,8,22_magnetically attached_magnetic_detect magnetic_magnetically,"['magnetically attached', 'magnetic', 'detect magnetic', 'magnetically', 'magnetic element', 'magnetic field', 'second magnetic', 'field magnet', 'magnets', 'electrically']","['Magnetic field containment inductors. A system includes a circuit board, an inductor including windings mounted on the circuit board, and magnetic field containment devices. Each magnetic field containment device includes an independent electrical circuit that is not directly electrically connected via a conductor to any other magnetic field containment device. Each magnetic field containment device also includes a material of a certain relative permeability. Each magnetic field containment device at least partially surrounds the inductor and, in operation, at least partially contains a magnetic B-Field generated by electrical current in the windings of the inductor. magnetic field containment devices, in operation, enables a certain saturation current in the inductor', 'Magnetic field sensor in a portable electronic device. A portable computing device that includes a base portion that carries an audio module and a display housing that carries a display is disclosed. The display housing is coupled with, and rotatable with respect to, the base portion. The display housing includes a magnet, and the base portion includes a magnetic field sensor that detects an external magnetic field of the magnet. The magnetic field sensor provides a signal that deactivates the display. In order to reduce layout changes in the portable computing device, the magnetic field sensor is positioned in an audio housing that carries the audio module. However, the magnetic field sensor is designed and oriented to detect the magnetic field from the magnet in the display housing and effectively ignore magnets associated with the audio module. In order to reduce the amount of electrical connections, the magnetic field sensor is electrically coupled to the audio module', 'Case for a portable electronic device. This application relates to a case for a portable electronic device. The case includes a magnetic boosting device, carried in a cover of the case. The magnetic boosting device includes a layer of magnetic elements including: (i) a primary magnetic element, and (ii) a secondary magnetic element. The primary magnetic element, characterized by having magnetic poles that are aligned perpendicular to the plane of the cover, provides a first magnetic field. The secondary magnetic element, characterized by having magnetic poles that are aligned parallel to the plane of the cover, provides a second magnetic field. The first magnetic field and the second magnetic field contribute to a resultant magnetic field that is asymmetrically disposed about the plane of the cover. The electronic device can include a sensor and a controller for placing the electronic device in a power saving mode when the cover is in a closed position']"
